ribo_switch_seq,ribo_switch_struct,ribo_switch_def,ribo_switch_dG,overall def,
GGGCGAUAGCGAGGGACGAAUGGGAUACCAGCAUCGUCUUGAUGCCCUUGGCAGCCCAUUCGUCCCUCGCUAUCGGACAUCAUAGAGGAGAUACAGAAUGUCCGAUAGCGAGGGACGAGAACAAGAACUCCGACAAAUCAUGCGUAAAGGAGAAGAACUUUUCACUGGA,...........................................................(((((((((((((((((((((.................)))))))))))))))))))))...................................................,0.326897,-66.904079,0.3269,
GGGAAAAACCGCCCAAAUAAUGGGAUACCAGCAUCGUCUUGAUGCCCUUGGCAGCCCAUUAUUUGGGCGGUUUUUGACAUCAUAGAGGAGAUACAGAAUGUCAAAAACCGCCCAAAUAGAACAAGAACUCCGACAAAUCAUGCGUAAAGGAGAAGAACUUUUCACUGGA,...........................................................(((((((((((((((((((((.................)))))))))))))))))))))...................................................,0.342323,-58.665214,0.34232,
GGGCUAUAUGCGGGCCUAAAUGGGAUACCAGCAUCGUCUUGAUGCCCUUGGCAGCCCAUUUAGGCCCGCAUAUAGCACAUCAUAGAGGAGAUACAGAAUGUGCUAUAUGCGGGCCUAAGAACAAGAACUCCGACAAAUCAUGCGUAAAGGAGAAGAACUUUUCACUGGA,...........................................................(((((((((((((((((((((.................)))))))))))))))))))))...................................................,0.352463,-64.748316,0.35246,
GGGUGAGCGCGCACAUAAAAUGGGAUACCAGCAUCGUCUUGAUGCCCUUGGCAGCCCAUUUUAUGUGCGCGCUCAGACAUCAUAGAGGAGAUACAGAAUGUCUGAGCGCGCACAUAAAGAACAAGAACUCCGACAAAUCAUGCGUAAAGGAGAAGAACUUUUCACUGGA,...........................................................(((((((((((((((((((((.................)))))))))))))))))))))...................................................,0.361000,-61.421456,0.361,
GGGCGCCAACCAAGCAACAAUGGGAUACCAGCAUCGUCUUGAUGCCCUUGGCAGCCCAUUGUUGCUUGGUUGGCGUACAUCAUAGAGGAGAUACAGAAUGUACGCCAACCAAGCAACAGAACAAGAACUCCGACAAAUCAUGCGUAAAGGAGAAGAACUUUUCACUGGA,...........................................................(((((((((((((((((((((.................)))))))))))))))))))))...................................................,0.376892,-62.437491,0.37689,
GGGAAAAUGCGCCCAACAUAUGGGAUACCAGCAUCGUCUUGAUGCCCUUGGCAGCCCAUAUGUUGGGCGCAUUUUAACAUCAUAGAGGAGAUACAGAAUGUUAAAAUGCGCCCAACAUGAACAAGAACUCCGACAAAUCAUGCGUAAAGGAGAAGAACUUUUCACUGGA,...........................................................(((((((((((((((((((((.................)))))))))))))))))))))...................................................,0.382834,-58.829341,0.38283,
GGGAACACGAUUAACACAAAUGGGAUACCAGCAUCGUCUUGAUGCCCUUGGCAGCCCAUUUGUGUUAAUCGUGUUGACAUCAUAGAGGAGAUACAGAAUGUCAACACGAUUAACACAAGAACAAGAACUCCGACAAAUCAUGCGUAAAGGAGAAGAACUUUUCACUGGA,...........................................................(((((((((((((((((((((.................)))))))))))))))))))))...................................................,0.384392,-54.248543,0.38439,
GGGCAGAACGUCCGCACGAAUGGGAUACCAGCAUCGUCUUGAUGCCCUUGGCAGCCCAUUCGUGCGGACGUUCUGAACAUCAUAGAGGAGAUACAGAAUGUUCAGAACGUCCGCACGAGAACAAGAACUCCGACAAAUCAUGCGUAAAGGAGAAGAACUUUUCACUGGA,...........................................................(((((((((((((((((((((.................)))))))))))))))))))))...................................................,0.392625,-65.220215,0.39263,
GGGAGAACCCAGUAGAUGCAUGGGAUACCAGCAUCGUCUUGAUGCCCUUGGCAGCCCAUGCAUCUACUGGGUUCUGACAUCAUAGAGGAGAUACAGAAUGUCAGAACCCAGUAGAUGCGAACAAGAACUCCGACAAAUCAUGCGUAAAGGAGAAGAACUUUUCACUGGA,...........................................................(((((((((((((((((((((.................)))))))))))))))))))))...................................................,0.396659,-63.679696,0.39666,
GGGAGGCAGCCAAAAAAUAAUGGGAUACCAGCAUCGUCUUGAUGCCCUUGGCAGCCCAUUAUUUUUUGGCUGCCUGACAUCAUAGAGGAGAUACAGAAUGUCAGGCAGCCAAAAAAUAGAACAAGAACUCCGACAAAUCAUGCGUAAAGGAGAAGAACUUUUCACUGGA,...........................................................(((((((((((((((((((((.................)))))))))))))))))))))...................................................,0.402367,-57.864392,0.40237,
GGGCAAGCCAACCGUAAGGAUGGGAUACCAGCAUCGUCUUGAUGCCCUUGGCAGCCCAUCCUUACGGUUGGCUUGGACAUCAUAGAGGAGAUACAGAAUGUCCAAGCCAACCGUAAGGGAACAAGAACUCCGACAAAUCAUGCGUAAAGGAGAAGAACUUUUCACUGGA,...........................................................(((((((((((((((((((((.................)))))))))))))))))))))...................................................,0.416171,-67.620573,0.41617,
